laptop_ID,Company,Product,TypeName,Memory,Price_euros,Display_type,Storage_type
1014,Acer,Nitro 5,Gaming,128GB SSD +  1TB HDD,1260.0,IPS,SSD + HDD
1263,Asus,Rog GL553VE-FY052T,Gaming,256GB SSD +  1TB HDD,1600.0,IPS,SSD + HDD
1107,Asus,Rog GL702VM-GC354T,Gaming,256GB SSD +  1TB HDD,1599.0,IPS,SSD + HDD
90,Asus,FX503VM-E4007T (i7-7700HQ/16GB/1TB,Gaming,128GB SSD +  1TB HDD,1449.0,IPS,SSD + HDD
1124,Asus,Rog GL552VW-CN470T,Gaming,128GB SSD +  1TB HDD,1339.0,IPS,SSD + HDD
481,Asus,ZenBook Pro,Notebook,128GB SSD +  1TB HDD,1299.0,IPS,SSD + HDD
539,Asus,Zenbook UX510UW-FI095T,Notebook,256GB SSD +  1TB HDD,1299.0,IPS,SSD + HDD
42,Dell,Inspiron 7577,Gaming,256GB SSD +  1TB HDD,1499.0,IPS,SSD + HDD
87,Dell,Inspiron 7577,Gaming,128GB SSD +  1TB HDD,1349.0,IPS,SSD + HDD
432,Dell,Inspiron 7577,Gaming,128GB SSD +  1TB HDD,1159.0,IPS,SSD + HDD
120,Dell,Inspiron 7570,Notebook,256GB SSD +  1TB HDD,1130.33,IPS,SSD + HDD
342,Dell,Inspiron 7570,Ultrabook,128GB SSD +  1TB HDD,1049.0,IPS,SSD + HDD
593,HP,Omen 17-AN010nv,Gaming,256GB SSD +  1TB HDD,1498.0,IPS,SSD + HDD
954,HP,Omen 17-W006na,Gaming,128GB SSD +  1TB HDD,1399.0,IPS,SSD + HDD
202,HP,Omen 17-W295,Gaming,256GB SSD +  1TB HDD,1379.0,IPS,SSD + HDD
1213,HP,Pavilion Power,Notebook,128GB SSD +  1TB HDD,1327.0,IPS,SSD + HDD
102,HP,Omen 15-ce007nv,Gaming,128GB SSD +  1TB HDD,1249.0,IPS,SSD + HDD
386,HP,Omen 17-w212nv,Gaming,128GB SSD +  1TB HDD,1191.0,IPS,SSD + HDD
1144,HP,Omen -,Gaming,128GB SSD +  1TB HDD,1129.0,IPS,SSD + HDD
451,HP,Omen 15-AX205na,Gaming,128GB SSD +  1TB HDD,1099.0,IPS,SSD + HDD
765,HP,15-cb003na (i5-7300HQ/8GB/1TB,Notebook,128GB SSD +  1TB HDD,1099.0,IPS,SSD + HDD
237,Lenovo,Legion Y720-15IKB,Gaming,256GB SSD +  1TB HDD,1499.0,IPS,SSD + HDD
527,Lenovo,Legion Y720-15IKB,Gaming,256GB SSD +  1TB HDD,1399.0,IPS,SSD + HDD
1236,Lenovo,IdeaPad Y700-15ISK,Gaming,128GB SSD +  1TB HDD,1272.0,IPS,SSD + HDD
718,Lenovo,Legion Y520-15IKBN,Gaming,128GB SSD +  1TB HDD,1249.0,IPS,SSD + HDD
666,Lenovo,IdeaPad Y700-15ISK,Gaming,128GB SSD +  1TB HDD,1196.0,IPS,SSD + HDD
1001,Lenovo,Legion Y520-15IKBN,Gaming,128GB SSD +  1TB HDD,1189.0,IPS,SSD + HDD
293,Lenovo,Legion Y520-15IKBN,Gaming,256GB SSD +  1TB HDD,1179.0,IPS,SSD + HDD
409,Lenovo,ThinkPad E580,Notebook,256GB SSD +  1TB HDD,1144.5,IPS,SSD + HDD
351,Lenovo,Legion Y520-15IKBN,Gaming,256GB SSD +  2TB HDD,1129.0,IPS,SSD + HDD
648,Lenovo,Legion Y520-15IKBN,Gaming,128GB SSD +  1TB HDD,1109.0,IPS,SSD + HDD
769,Lenovo,Legion Y520-15IKBN,Gaming,128GB SSD +  1TB HDD,1048.0,IPS,SSD + HDD
1061,MSI,GT72S Dominator,Gaming,256GB SSD +  1TB HDD,1545.64,IPS,SSD + HDD
